131.253.33.215,host,131.253.33.215,,
172.19.15.203,host,172.19.15.203,,
172.19.36.113,host,172.19.36.113,,
172.25.20.179,host,172.25.20.179,,
172.25.20.197,host,172.25.20.197,,
172.25.20.99,host,172.25.20.99,,
177TEST,host,172.19.15.177,,
204.79.197.215,host,204.79.197.215,,
2FA_APP_DB_TEST,host,172.19.11.53,,
2FA_APP_PRD,host,172.19.1.21,,
3RD_PRTY_SQL_DB_PRD,host,172.19.2.23,,
3RD_PRTY_SQL_DB_TEST,host,172.16.200.122,,
52.97.133.178,host,52.97.133.178,,
9Mobile_Cloud_SVR,host,41.190.6.83,,
9Mobile_Signalling_SVR,host,41.190.9.135,,
AARANOABJ_CC_ATM,host,172.19.72.91,,
ABDULLAHI_SOKOTO,host,172.19.62.106,,
ABDULWASIU_KN_BRH_CSO,host,172.19.26.52,,
ABUBAKAR_KN_BRH_CSO,host,172.19.26.70,,
AD1,host,172.16.200.163,,
AD2,host,172.16.200.170,,
AD3,host,172.16.200.192,,
ADRAPS_NAT_CBN,host,192.168.110.167,,
ADVANSIO_FW-External_Advansio-34.218.143.38,host,34.218.143.38,,
ADVANSIO_FW-Internal_Advansio1-172.31.33.22,host,172.31.33.22,,
ADVANSIO_FW-Internal_Advansio2-172.31.5.47,host,172.31.5.47,,
ADVANSIO_PRD,host,172.31.5.47,,
ADVANSIO_TEST,host,172.31.33.22,,
ADVANSIO_WEB,host,41.219.149.54,,
AGBTMSTST_SVR,host,172.19.11.43,,
AIF,host,172.19.11.30,,
AIF_PRE_PROD,host,172.16.200.42,,
AIF_TEST,host,172.16.200.208,,
AKEEM,host,172.19.15.221,,
ALIYU_INTLOPS,host,172.19.15.79,,
AMINUKANO,host,172.19.26.115,,
AMINU_HQ_BRANCH,host,172.19.17.242,,
AMINU_SOKOTO_HOP,host,172.19.62.101,,
AML_CFT_SVR_PRD,host,172.19.1.98,,
AML_SVR,host,172.19.11.54,,
AMPLITUDE_MONITORING,host,172.19.1.110,,
Net_10.132.1.219,host,10.132.1.219,,
Net_10.142.0.2,host,10.142.0.2,,
AMPLITUDE_PRE_PROD,host,172.16.200.40,,
AMPLITUDE_TEST,host,172.19.11.89,,
APEX_ONE,host,172.16.200.193,,
APIDB_TEST,host,172.19.11.25,,
Net_10.142.0.4,host,10.142.0.4,,
Net_10.142.0.5,host,10.142.0.5,,
API_PRD_APP,host,172.19.1.11,,
API_PRD_APP2,host,172.19.1.12,,
API_PRD_DB,host,172.19.2.11,,
API_PRE_PROD,host,172.16.200.43,,
API_TST_APP,host,172.19.11.32,,
ARDO_RMD,host,172.19.15.175,,
ARSENE_SOPRA,host,172.19.61.70,,
ATMLOCK,host,172.19.15.94,,
ATM_MON_APP,host,172.19.1.69,,
ATM_MON_DB,host,172.19.2.35,,
AUDIT,host,172.19.15.5,,
AhmedAHR,host,172.19.61.105,,
Net_10.6.13.234,host,10.6.13.234,,
AhmedHR,host,172.19.61.107,,
All_Internet,host,0.0.0.0,,
AllienVaultPOC,host,172.19.11.88,,
Alphatech,host,197.253.11.82,,
Annie,host,172.19.61.110,,
AuditorTEMP,host,172.19.15.38,,
AuxiliaryNet,host,0.0.0.0,,
BILYAMINU_SOKOTO_BRH_CSO,host,172.19.62.105,,
BIOMETRICDEVICE,host,172.19.15.25,,
BIOMETRICDEVICE_CONTACT_CENTER,host,172.19.59.211,,
BIOMETRICUSER,host,172.19.15.66,,
BIOMETRIC_DEVICE_CC,host,172.19.59.21,,
BIOMETRIC_DEVICE_GOMBE,host,172.19.71.21,,
BIOMETRIC_DEVICE_JABI,host,172.19.61.21,,
BIOMETRIC_DEVICE_KADUNA,host,172.19.64.21,,
BIOMETRIC_DEVICE_KANO,host,172.19.26.21,,
BIOMETRIC_DEVICE_LAGOS,host,172.19.63.21,,
BIOMETRIC_DEVICE_MAIDUGURI,host,172.19.70.21,,
Net_10.60.0.62,host,10.60.0.62,,
BIOMETRIC_DEVICE_NASS,host,172.19.60.21,,
BIOMETRIC_DEVICE_SOKOTO,host,172.19.62.21,,
BIOMETRIC_GARKI_CC,host,172.19.68.20,,
BIOMETRIC_GUDU_CC,host,172.19.69.20,,
Net_10.60.0.66,host,10.60.0.66,,
BIOMETRIC_SERVER,host,172.19.1.93,,
BIOMETRIC_WUSE_CC,host,172.19.65.20,,
BOARDROOM,host,172.19.15.229,,
BRANCH_EDGE,host,172.19.21.2,,
BROADBASE,host,41.76.196.60,,
BabsFINCON,host,172.19.15.118,,
Bloomberg,host,172.19.63.111,,
Bloomberg_3,host,69.187.24.15,,
Blue_Coat_172.16.200.199,host,172.16.200.199,,
Brad-01,host,10.20.21.20,,
CAPTCHA1,host,172.217.17.4,,
CAPTCHA2,host,216.58.223.228,,
CAPTCHA3,host,216.58.211.36,,
CAPTCHA4,host,172.217.18.234,,
Net_10.63.1.10,host,10.63.1.10,,
CAPTCHA5,host,216.58.223.196,,
CAPTCHA6,host,172.217.168.68,,
CARD_MGR_APP,host,172.19.1.15,,
CARD_MGR_DB,host,172.19.2.15,,
Net_10.63.1.14,host,10.63.1.14,,
Net_10.64.7.102,host,10.64.7.102,,
CARDSRV_APP_PRD,host,172.19.1.81,,
CARDSRV_DB_PRD,host,172.19.2.39,,
CARD_MGR_APP_TST,host,172.19.11.51,,
CARD_MGR_DB_TST,host,172.19.11.49,,
Net_10.64.7.250,host,10.64.7.250,,
Net_134.213.99.13,host,134.213.99.13,,
Net_149.134.244.133,host,149.134.244.133,,
CBA_APP_TEST,host,172.16.200.143,,
CBA_APP_TEST1,host,172.16.200.221,,
CBA_CRM_APP_TEST,host,172.16.200.145,,
CBA_CRM_PRD,host,172.19.19.16,,
Net_149.134.244.134,host,149.134.244.134,,
Net_149.134.252.7,host,149.134.252.7,,
Net_149.134.252.8,host,149.134.252.8,,
CBA_PRD_DB,host,172.19.20.11,,
CBN_ADRAPS_DR,host,172.16.27.246,,
CBN_ADRAPS_PRD,host,172.16.7.246,,
CBN_CCMS_DR,host,172.16.27.251,,
Net_149.134.255.252,host,149.134.255.252,,
CBN_CCMS_PRD,host,172.16.7.251,,
CBN_CRMS_DR,host,172.16.26.26,,
CBN_CRMS_FO,host,172.16.16.26,,
CBN_CRMS_PRD,host,172.16.6.26,,
CBN_DR_FW-External-196.216.202.21,host,196.216.202.21,,
CBN_DR_FW-Internal_DR_1-172.16.26.0,host,172.16.26.0,,
CBN_DR_FW-Internal_DR_2-172.16.27.0,host,172.16.27.0,,
CBN_FINA_DR,host,172.16.26.20,,
CBN_FINA_PRD,host,172.16.6.20,,
CBN_NIBSS_TSA_PROD,host,192.234.10.106,,
CBN_PRD_FW-External-196.216.200.21,host,196.216.200.21,,
CBN_PRD_FW-Internal_1-172.16.6.0,host,172.16.6.0,,
CBN_PRD_FW-Internal_2-172.16.7.0,host,172.16.7.0,,
CBN_Reporting,host,172.16.200.152,,
CBN_S4_DR,host,172.16.27.18,,
CBN_S4_FO,host,172.16.17.18,,
CBN_S4_PRD,host,172.16.7.18,,
CBN_TAERP_PRD,host,172.16.7.26,,
Net_149.134.63.252,host,149.134.63.252,,
Net_149.134.63.4,host,149.134.63.4,,
Net_149.134.63.8,host,149.134.63.8,,
CBN_TST_SVR,host,172.16.200.220,,
CB_AIF2_PRD,host,172.19.19.12,,
CB_AIF_PRD,host,172.19.19.11,,
CB_APP_PRD,host,172.19.19.15,,
CB_AUA_TST,host,172.19.11.74,,
CB_CRM_PRD,host,172.19.19.13,,
CB_DB_TEST,host,172.16.200.144,,
CB_DB_TEST_BKUP,host,172.16.200.205,,
Net_172.16.200.65,host,172.16.200.65,,
CB_PRD_RACDB1,host,172.19.20.41,,
CB_PRD_RACDB2,host,172.19.20.42,,
CCMS_NAT_CBN,host,192.168.110.166,,
CENTRAL_API_NEW,host,172.19.1.75,,
Net_172.18.192.100,host,172.18.192.100,,
CENTRAL_DB_TEST,host,172.16.200.154,,
CERTAPPSERVICES,host,172.16.200.173,,
CHANNELS_RPRT_SRV_PRD,host,172.19.1.108,,
CIBN,host,63.142.250.30,,
CISOTESTENV,host,172.19.11.34,,
CLONEDUSSDDB,host,172.19.11.107,,
CLOUD_MNTR_SVR,host,172.19.1.47,,
CLOUD_MNTR_SVR2,host,172.19.1.94,,
CPC_TEST3,host,172.19.17.241,,
CPC_TST2,host,172.19.17.138,,
CPC_USER1_HQ,host,172.19.15.26,,
CPDShield,host,0.0.0.0,,
CPFW,host,15.15.15.1,,
CP_RESERVED_MS,host,12.13.14.15,,
CREDIT_REFER.,host,41.206.23.81,,
CRM-PORTAL_TEST,host,172.19.11.90,,
CRMS_APP_SRV,host,172.19.1.51,,
CRMS_NAT_CBN,host,192.168.110.165,,
CRMS_TST,host,172.19.11.29,,
CRM_PRE_PROD,host,172.16.200.41,,
CSO2_ABJ,host,172.19.17.143,,
Net_172.19.4.100,host,172.19.4.100,,
Colletio,host,196.46.20.60,,
Cynthia_172.19.17.55,host,172.19.17.97,,
DANIEL_CORP_COMM.,host,172.19.15.233,,
DANIEL_EBUS.,host,172.19.17.79,,
DANIEL_EBUSINESS,host,172.19.17.109,,
DB.11.31,host,172.19.11.31,,
DB_wareHouse.2.27,host,172.19.2.27,,
DCRO,host,172.19.15.78,,
DDI,host,10.15.15.15,,
DDI_Host,host,172.19.100.220,,
DEEP_SECURITY_APP,host,172.19.1.37,,
DEEP_SECURITY_DB,host,172.19.2.21,,
Net_172.19.66.10,host,172.19.66.10,,
Net_172.19.66.20,host,172.19.66.20,,
Net_172.19.66.23,host,172.19.66.23,,
DEV_SRVR,host,172.16.200.172,,
DIGIBNK_APP_TST,host,172.19.11.83,,
DIGIBNK_DB_TST,host,172.19.11.84,,
DIGIBNK_WEB_TST,host,172.19.11.85,,
Net_172.19.66.24,host,172.19.66.24,,
DIGITAL_ENCODE_VAPT,host,172.19.37.84,,
DIVINE_NASS_BRH,host,172.19.60.106,,
DMZNet,host,0.0.0.0,,
DNS_8.8.8.8,host,8.8.8.8,,
DONALD_SOPRA,host,172.19.61.68,,
DRServer,host,172.29.100.17,,
DRTest,host,10.101.0.2,,
DTEST,host,172.19.11.44,,
Digicert1,host,93.184.220.29,,
Digicert2,host,23.37.171.27,,
EBUS.1,host,172.19.17.141,,
ECA_Support1,host,134.111.1.60,,
ECA_Support2,host,207.138.233.66,,
Net_172.19.8.200,host,172.19.8.200,,
Net_172.19.8.200-0,host,172.19.8.200,,
ECA_Support3,host,134.111.1.50,,
EDGE_ROUTER,host,15.15.15.2,,
EODCLONE,host,172.19.11.24,,
EODServer,host,172.19.11.50,,
Net_172.24.16.100,host,172.24.16.100,,
Net_172.25.0.1,host,172.25.0.1,,
Net_172.25.15.11,host,172.25.15.11,,
EOD_CONTACT_CENTER,host,172.19.59.150,,
ESGADIA,host,35.206.99.220,,
ETRANZACT1,host,197.255.244.10,,
ETRANZACT_FW-External-197.255.244.2,host,197.255.244.2,,
ETRANZACT_FW-Internal-197.255.244.10,host,197.255.244.10,,
ETRANZACT_FW-Internal1-197.255.244.9,host,197.255.244.9,,
ETRANZACT_FW-Internal2-197.255.244.5,host,197.255.244.5,,
ETRANZACT_LAN1,host,197.255.244.9,,
Net_172.25.15.17,host,172.25.15.17,,
Net_172.25.15.213,host,172.25.15.213,,
ETRANZACT_LAN2,host,172.18.0.3,,
ETRANZAVT_LANEW,host,197.255.244.5,,
EUPHEMIA_MICR,host,172.19.15.41,,
Epms_NIBBS,host,196.6.103.75,,
Net_172.25.15.214,host,172.25.15.214,,
Net_172.25.20.179,host,172.25.20.179,,
Euphemia,host,172.19.15.20,,
ExAudit,host,172.19.37.118,,
FALILAT_ABJ_BRH,host,172.19.72.105,,
FATIMA_E_KANO_BRH_CSO,host,172.19.26.72,,
Net_172.25.20.18,host,172.25.20.18,,
Net_172.25.20.197,host,172.25.20.197,,
Net_172.25.20.99,host,172.25.20.99,,
FATIMA_INTLOPS,host,172.19.15.185,,
FATIMA_KANO_BRH_CSO,host,172.19.26.67,,
FAUZIYA_ABJ_BRH,host,172.19.17.107,,
FCMB1,host,192.168.14.16,,
FCMB2,host,192.168.15.8,,
FCMB_FW-External-41.223.147.149,host,41.223.147.149,,
FEP2,host,172.19.15.59,,
Net_172.25.30.9,host,172.25.30.9,,
FEP_HOST_SRV,host,172.19.12.25,,
FEP_HOST_SRV2,host,172.19.12.23,,
FEP_MGT_APP,host,172.19.12.22,,
FILE_SRV,host,172.16.200.178,,
Net_172.27.210.230,host,172.27.210.230,,
Net_172.27.212.214,host,172.27.212.214,,
FINA_NAT_CBN,host,192.168.110.164,,
FMDQ1,host,10.10.16.12,,
FMDQ2,host,10.10.16.13,,
FW,host,172.16.11.1,,adtr_hide
Net_172.27.218.174,host,172.27.218.174,,
Net_172.27.223.58,host,172.27.223.58,,
FWHOST,host,172.19.3.17,,
Faruq,host,172.19.15.243,,
FortiToken,host,172.19.11.20,,
FunmiKn,host,172.19.26.73,,
Net_172.27.81.142,host,172.27.81.142,,
Net_172.27.98.218,host,172.27.98.218,,
GARKI_CC_ATM,host,172.19.68.91,,
Net_172.29.251.12,host,172.29.251.12,,
GBBHOST,host,172.16.200.56,,
GBBHost_172.16.200.56,host,172.19.100.26,,
GBBHost_172.16.200.57,host,172.16.200.57,,
GLXY_NTP,host,10.10.14.50,,
Net_172.29.251.13,host,172.29.251.13,,
Net_172.31.33.22,host,172.31.33.22,,
Net_172.31.5.47,host,172.31.5.47,,
GODSENT,host,172.19.17.80,,
GODSENT_HQ_BRH_HOP,host,172.19.17.108,,
GODSWILL_1,host,172.19.61.66,,
GODSWILL_CONTACT_CENTER,host,172.19.59.112,,
GODSWILL_KN,host,172.19.26.25,,
GUDU_CC_ATM,host,172.19.69.91,,
Garki_CC_R,host,172.19.68.1,,
Gudu_CC_R,host,172.19.69.1,,
HABIBA_NASS_BRH_HOP,host,172.19.60.79,,
HAJARA_HQ_BRH_CSO,host,172.19.17.121,,
HALIMACSU,host,172.19.36.110,,
Net_192.168.14.16,host,192.168.14.16,,
Net_192.168.15.8,host,192.168.15.8,,
HALIMA_SOKOTO_BRH_CSO,host,172.19.62.67,,
HAMID,host,172.19.15.11,,
HASSAN_FINCON,host,172.19.15.220,,
HEAD_IT,host,172.19.15.33,,
Net_192.168.168.170,host,192.168.168.170,,
HEZEKIAH_KN_BRH_CSO,host,172.19.26.111,,
HORDECALL_VDT_SRV,host,172.16.200.224,,
HOST1,host,172.19.100.20,,
HOST2,host,172.19.100.21,,
Net_192.168.168.182,host,192.168.168.182,,
HOST3,host,172.19.100.22,,
HQBH,host,172.19.17.20,,
HQFW,host,172.19.66.6,,
HQROUTER,host,172.19.15.1,,
HQ_LAN_SWT1_shelt,host,172.19.67.2,,
HRH,host,172.19.63.121,,
HSM1,host,172.19.12.27,,
HSM2,host,172.19.12.28,,
Net_196.216.200.21,host,196.216.200.21,,
Net_196.216.201.21,host,196.216.201.21,,
HSM_TEST1,host,172.19.11.101,,
HUSSAINA_ABJ_BRH,host,172.19.17.134,,
HUSSAINA_HQ_BRH_CSO,host,172.19.17.104,,
HUSSAINA_NASS,host,172.19.60.73,,
Net_196.216.202.21,host,196.216.202.21,,
HYCU_CONTROLLER,host,172.19.100.23,,
Hadiza_Abdullahi_[TAJOS21053],host,172.19.36.77,,
HeavyUser14,host,172.19.15.235,,
HeavyUser8,host,172.19.15.201,,
Net_197.159.69.194,host,197.159.69.194,,
Net_197.255.244.10,host,197.255.244.10,,
Net_197.255.244.2,host,197.255.244.2,,
HeavyUser9,host,172.19.15.238,,
HeavyUserI,host,172.19.15.217,,
HeavyUserV,host,172.19.15.253,,
Host_127.0.0.1,host,127.0.0.1,,
Net_197.255.244.5,host,197.255.244.5,,
Hulk-01,host,10.20.21.5,,
Hussaina,host,172.19.17.126,,
IBANK_APP_PRD_SVR,host,172.19.1.23,,
IBANK_APP_TEST_SVR,host,172.19.11.47,,
Net_34.218.143.38,host,34.218.143.38,,
Net_35.185.70.230,host,35.185.70.230,,
Net_35.196.47.242,host,35.196.47.242,,
IBANK_DB_PRD_SVR,host,172.19.2.17,,
IBANK_DB_TEST_SVR,host,172.19.11.45,,
IBANK_WEB_PRD_SVR,host,172.19.3.23,,
ICAD_DB,host,172.19.2.33,,
Net_35.243.175.229,host,35.243.175.229,,
Net_35.243.199.47,host,35.243.199.47,,
Net_35.243.251.2,host,35.243.251.2,,
IFEANYI_EBNSS,host,172.19.15.167,,
IMPERVA_DAM_APP,host,172.19.1.33,,
IMPERVA_MX,host,172.19.100.75,,
IMPERVA_WAF,host,172.19.6.15,,
Net_41.223.147.149,host,41.223.147.149,,
Net_41.67.140.74,host,41.67.140.74,,
INFOBIP,host,193.105.74.159,,
INSTAGRAM_MEDIA1,host,157.240.29.63,,
INTELCAM,host,172.19.1.67,,
INTERSWITCH_ASFEP,host,172.25.15.17,,
INTERSWITCH_FW-External-84.200.29.251,host,84.200.29.251,,
INTERSWITCH_FW-Internal-84.200.29.250,host,84.200.29.250,,
Net_41.78.83.202,host,41.78.83.202,,
INTERSWITCH_KIMONO_APP,host,41.223.145.159,,
INTERSWITCH_MAINONE_ROUTER,host,10.17.23.3,,
INTERSWITCH_MOBILE_LAN,host,84.200.29.251,,
INTERSWITCH_SFTP,host,172.25.30.9,,
INTERSWITCH_VDT_ROUTER,host,10.17.23.2,,
Net_62.173.32.50,host,62.173.32.50,,
IPPHONEJABI,host,172.19.61.20,,
IPPHONEKN,host,172.19.26.20,,
IPPHONELAG,host,172.19.63.20,,
IPPHONENAS,host,172.19.60.20,,
Net_77.246.78.98,host,77.246.78.98,,
Net_83.138.167.2,host,83.138.167.2,,
Net_89.108.151.90,host,89.108.151.90,,
IPPHONESO,host,172.19.62.20,,
IPPHONETEST,host,172.19.15.87,,
IP_104.40.187.151,host,104.40.187.151,,
IP_52.169.186.119,host,52.169.186.119,,
Net_92.52.103.209,host,92.52.103.209,,
ISE_NAC_60,host,172.19.1.60,,
ISE_NAC_62,host,172.19.1.62,,
ISE_NAC_63,host,172.19.1.63,,
ISW_SUPERSWITCH_PROD,host,172.25.0.1,,
SYSTEMSPECS_FW2-SYSPEC2__Internal-10.1.1.82,host,10.1.1.82,,
SYSTEMSPECS_FW2-SYSSPEC_External-185.96.66.29,host,185.96.66.29,,
SYSTEMSPECS_LAN,host,83.138.167.2,,
Inter_41.223.145.188,host,41.223.145.188,,
InternalNet,host,0.0.0.0,,
Interswitch_Webpay,host,41.223.145.230,,
Inuwa,host,172.19.61.72,,
JABI_RTR,host,10.60.0.30,,
TAJ-GBB-CPFW-eth5-15.15.15.1,host,15.15.15.1,,
TAJ-GBB-CPFW-eth6.15-10.17.23.1,host,10.17.23.1,,
TAJ-GBB-CPFW-eth6.17-10.17.23.9,host,10.17.23.9,,
TAJ-GBB-CPFW-eth6.27-10.17.23.33,host,10.17.23.33,,
TAJ-GBB-CPFW-eth6.37-172.16.0.21,host,172.16.0.21,,
TAJ-GBB-CPFW-eth7-172.19.12.1,host,172.19.12.1,,
TAJ-GBB-MGMT-Mgmt-10.1.17.10,host,10.1.17.10,,
TAJ-GBB-MGMT-eth-idr-169.254.0.2,host,169.254.0.2,,
TAJ-GBB-MGMT-eth1-192.168.0.1,host,192.168.0.1,,
JABI_SWITCH,host,172.19.61.2,,
JAMB,host,104.45.22.140,,
JAMIU_SWIFT_USER,host,172.19.15.180,,
JASON-01,host,10.20.21.2,,
TAJ-GBB-MGMT-mgmt-172.16.200.65,host,172.16.200.65,,
TAJ-GBB2-CPFW2-Mgmt-192.168.1.1,host,192.168.1.1,,
TAJ-GBB2-CPFW2-eth1-192.168.151.2,host,192.168.151.2,,
TAJ-GBB2-CPFW2-eth3-172.16.200.211,host,172.16.200.211,,
TAJ-GBB2-CPFW2-eth4.21-172.19.21.3,host,172.19.21.3,,
TAJ-GBB2-CPFW2-eth4.50-172.19.100.2,host,172.19.100.2,,
TAJ-GBB2-CPFW2-eth4.7-172.19.7.2,host,172.19.7.2,,
TAJ-HQ-CPFW-Mgmt-192.168.0.1,host,192.168.0.1,,
TAJ-HQ-CPFW-eth2.16-172.19.15.1,host,172.19.15.1,,
TAJ-HQ-CPFW-eth2.17-172.19.17.1,host,172.19.17.1,,
JEGEDE_AUDIT,host,172.19.15.129,,
JIDE_JABI,host,172.19.61.162,,
JOHNSON2,host,172.19.17.153,,
JabiRouter,host,172.19.61.1,,
TAJ-HQ-CPFW-eth2.66-172.19.66.6,host,172.19.66.6,,
TAJ-HQ-CPFW-eth3-197.159.69.194,host,197.159.69.194,,
TAJ-HQ-CPFW-vpnt10-10.0.0.2,host,10.0.0.2,,
TAJ-KAN-CPFW-Mgmt-192.168.1.1,host,192.168.1.1,,
TAJ-KAN-CPFW-eth1-41.78.83.202,host,41.78.83.202,,
TAJ-KAN-CPFW-eth2.17-172.19.30.1,host,172.19.30.1,,
TAJ-KAN-CPFW-vpnt11-10.0.0.6,host,10.0.0.6,,
Jason-1,host,10.20.21.1,,
Jide_ITD,host,172.19.15.179,,
JoeHan_Webmail,host,162.144.12.139,,
KADUNA_TEST,host,172.19.64.3,,
KAMALCPC,host,172.19.36.75,,
KANO_MANDATE,host,172.19.26.71,,
KANO_ROUTER,host,172.19.26.1,,
KANO_RTR,host,10.60.0.6,,
KANO_SWITCH,host,172.19.26.2,,
KD_Switch,host,172.19.64.2,,
KEMI_LAGOS_HOP,host,172.19.63.102,,
KIMONO_APP_PRD,host,172.19.1.74,,
KIMONO_APP_SVR_LIVE,host,172.19.1.99,,
KIMONO_DB_PRD,host,172.19.2.37,,
KadunaRouter,host,172.19.64.1,,
LABRAT,host,172.19.11.95,,
LAMIDI_TREASURY,host,172.19.15.178,,
LINDA_MICR_USER,host,172.19.15.250,,
LagosLiaison,host,172.19.63.1,,
LagosSwi,host,172.19.63.2,,
Legal1,host,172.19.15.219,,
Legal3,host,172.19.15.227,,
LocalMachine,host,0.0.0.0,,
LocalMachine_All_Interfaces,host,0.0.0.0,,
M1_TUNEL_182,host,192.168.168.182,,
MARSAD_KN_HOP,host,172.19.26.76,,
MARYAM_NASS_BRH_CSO,host,172.19.60.101,,
MARYAM_YAHAYA_KN,host,172.19.26.114,,
MARYAM_Y_KN_BRH_CSO,host,172.19.26.109,,
MD,host,172.19.15.176,,
MD1,host,172.19.17.130,,
MDSEC,host,172.19.15.75,,
MGMNT,host,172.19.11.1,,
MICR_TEST,host,172.19.11.39,,
MISRONADE,host,172.19.11.111,,
MIS_APP_PRD,host,172.19.1.43,,
MIS_DB_PRD,host,172.19.2.25,,
MS,host,23.97.160.190,,
MS2,host,216.58.223.202,,
MUIDEEN_AUDIT,host,172.19.15.31,,
MUSTAPHA_COMPLIANCE,host,172.19.15.249,,
MUSTAPHA_ITD,host,172.19.15.71,,
Maiduguri_WAN,host,172.27.225.78,,
ManageEngineServer,host,172.16.200.160,,
ManageEngine_APP,host,172.19.1.73,,
ManageEngine_DB,host,172.19.2.32,,
MaryamLawani,host,172.19.15.123,,
Mikore_.112,host,172.19.15.205,,
Mubara_CC,host,172.19.59.230,,
NASSRouter,host,172.19.60.1,,
NASS_RTR,host,10.60.0.2,,
NCS,host,80.88.7.18,,
NCS.GOV.NG,host,80.88.7.51,,
NEWGEN_APP_PRD,host,172.19.1.80,,
NEWGEN_DB_PRD,host,172.19.2.38,,
NEWGEN_TST,host,172.19.11.80,,
NEW_RELIC,host,162.247.243.148,,
NEW_RELIC1,host,162.247.243.149,,
NIBSS_196.6.103.30,host,196.6.103.30,,
NIBSS_BVN_PRD__SVR,host,172.18.192.100,,
NIBSS_BVN_TEST__SVR,host,192.234.10.104,,
NIBSS_CBN_CISS_SVR,host,192.234.10.18,,
NIBSS_CLR_PRD_SVR,host,192.234.10.50,,
NIBSS_CLR_TEST_SVR,host,192.234.10.254,,
NIBSS_DATA_HRMZTN_PRD_SVR,host,192.234.10.61,,
NIBSS_DT_HRMNTN_UAT,host,192.234.10.47,,
NIBSS_FX_SERVICE_PRD_SVR,host,192.234.10.83,,
NIBSS_FX_SERVICE_TST_SVR,host,192.234.10.53,,
NIBSS_GSIP,host,196.6.103.10,,
NIBSS_ICAD_PRD_SVR,host,192.234.10.190,,
NIBSS_ICAD_TEST__SVR,host,192.234.10.67,,
NIBSS_INTL_PASSSPORT,host,172.18.5.50,,
NIBSS_NAPS_PRD_SVR,host,192.234.10.222,,
NIBSS_NIP,host,192.234.10.233,,
NIBSS_NIP_NIPDRS_REPORTS,host,192.234.10.206,,
NIBSS_NIP_SVR,host,192.234.10.202,,
NIBSS_NIP_TEST_SVR,host,192.234.10.204,,
NIBSS_NQR_PRD_SVR,host,192.234.10.88,,
NIBSS_NQR_TEST_SVR,host,192.234.10.118,,
NIBSS_SIM_SWAP_PRD,host,192.234.10.100,,
NIMC_HQ,host,172.19.36.128,,
NIMC_KD,host,172.19.64.211,,
NIMC_Kano,host,172.19.26.193,,
NIMC_Sokoto,host,172.19.62.148,,
NIP_PRD_DB,host,172.19.18.11,,
NIP_REPORT_DRS_NAT,host,172.21.21.4,,
NTP_IP,host,51.195.65.23,,
NURA_KN,host,172.19.26.66,,
NUTANIX_ERA,host,172.19.11.117,,
NUTANIX_PRISM_CENTRAL,host,172.19.100.18,,
NUTANIX_PRISM_ELEMENT_DC,host,172.19.100.17,,
NUTANIX_SMTP_SRVR,host,104.193.143.56,,
N_CUSTOMS_SVR,host,172.19.1.71,,
NassSwi,host,172.19.60.2,,
Net_10.10.16.12,host,10.10.16.12,,
Net_10.10.16.13,host,10.10.16.13,,
Net_10.100.10.10,host,10.100.10.10,,
OATEK2,host,35.231.248.54,,
OATEK_FW-External1-35.243.199.47,host,35.243.199.47,,
OATEK_FW-Internal1-10.142.0.4,host,10.142.0.4,,
OATEK_FW_1-External__Oatek-35.185.70.230,host,35.185.70.230,,
OATEK_FW_1-Internal_Oatek-10.142.0.2,host,10.142.0.2,,
OATEK_LAN,host,10.142.0.2,,
OATEK_LAN_1,host,10.142.0.4,,
ODIM,host,172.19.15.209,,
OFFICE2_40.100.174.2,host,40.100.174.2,,
OFFICE_52.97.129.242,host,52.97.129.242,,
OLAKANMI_JABI_TEST,host,172.19.61.109,,
ONONS_HEAD_CSO_CPC,host,172.19.36.71,,
OPEN_VPN_INFOSEC,host,51.210.181.137,,
OPS_TEMP_TRAINING,host,172.19.36.101,,
OPS_TRAINING_LAGOS,host,172.19.63.109,,
Olayinka_KN,host,172.19.26.220,,
PAIT-TAJ-0100,host,172.19.17.103,,
PAYDIRECT_INTERSWITCH_PORTALS,host,172.25.15.11,,
PHILIPSEMP,host,172.19.15.37,,
PHISHING_TEST,host,3.14.153.230,,
POSPIN,host,172.19.15.6,,
POS_GARKI,host,172.19.68.99,,
POS_GOMBE,host,172.19.71.99,,
POS_GUDU,host,172.19.69.99,,
POS_HQ_BRANCH,host,172.19.17.99,,
POS_HQ_TEST,host,172.19.15.99,,
POS_KADUNA,host,172.19.64.99,,
POS_KANO,host,172.19.26.99,,
POS_MAIDUGURI,host,172.19.70.99,,
POS_NASS,host,172.19.60.99,,
POS_SOKOTO,host,172.19.62.99,,
POS_WUSE,host,172.19.65.99,,
PROD_RAC_SCAN1,host,172.19.20.45,,
PROD_RAC_SCAN2,host,172.19.20.46,,
PROD_RAC_SCAN3,host,172.19.20.47,,
PUB_http://103.85.213.52/,host,103.85.213.52,,
P_MONEY_APP_TST,host,172.19.11.72,,
P_MONEY_DB_TST,host,172.19.11.69,,
PhilipsTEMP,host,172.19.15.45,,
Public_DNS,host,4.2.2.2,,
Public-IP,host,10.0.140.12,,
QRIOS_FW-Qrios_External-62.173.32.50,host,62.173.32.50,,
QRIOS_FW-Qrios_Internal-62.173.32.53,host,62.173.32.53,,
QRIOS_LAN,host,62.173.32.53,,
RACDB2_TEST,host,172.19.11.28,,
RACDB_TEST,host,172.19.11.27,,
RACHEL_GUDU,host,172.19.69.107,,
RAC_NODE_TEST,host,172.19.11.116,,
RAYMONDFRONTCOLLECT,host,172.19.15.187,,
REMITA,host,104.17.129.98,,
REMITA.22,host,172.19.3.22,,
REMITA1,host,104.17.130.98,,
REMITA2,host,104.20.94.16,,
REMITADB.30,host,172.19.2.30,,
REMITETSTENV,host,172.19.11.26,,
REPORTSER,host,172.19.11.23,,
RITA,host,172.19.63.110,,
ROSEMARY_CONTACT_CENTER,host,172.19.59.216,,
Ref_146.242.30.27,host,146.242.30.27,,
Ref_192.165.220.164,host,192.165.220.164,,
S4_NAT_CBN,host,192.168.110.163,,
SABO_EBUS.2,host,172.19.17.131,,
SAFE_LOCK_APP_SVR,host,172.19.1.49,,
SAIFULLAH_FINCON,host,172.19.15.212,,
SCCMTEST,host,172.16.200.217,,
SCCM_APP_TEST,host,172.16.200.197,,
SCCM_DB_TEST,host,172.16.200.196,,
SECURE_ID1,host,62.173.38.180,,
SECURE_ID2,host,154.113.98.177,,
SENDGRID.NET,host,167.89.118.52,,
SENDGRID.NET1,host,167.89.118.54,,
SENDGRID.NET2,host,159.122.219.43,,
SENDGRID_SMTP,host,159.122.219.55,,
SHAKIRU_JABI,host,172.19.61.156,,
SHARED_13.107.136.9,host,13.107.136.9,,
SHEHU_COMPLIANCE,host,172.19.15.8,,
SHEHU_COMPLIANCE_KN_TEMP,host,172.19.26.124,,
SHELT-External-89.108.151.90,host,89.108.151.90,,
SHELT-Internal-10.100.10.10,host,10.100.10.10,,
SHELTCENTRL_MNTR,host,188.165.53.3,,
SHELTDR-External-77.246.78.98,host,77.246.78.98,,
SHELTDR-Internal-10.10.100.0,host,10.10.100.0,,
SHELTTHREATINT,host,135.125.68.177,,
SHERIF,host,172.19.15.13,,
SMS_STMT_APP_PRD,host,172.19.1.19,,
SMS_STMT_DB_TEST,host,172.16.200.210,,
SMS_STMT_TEST,host,172.19.11.52,,
SOFTTECH_USER,host,172.19.15.89,,
SOKOTO_ATM1,host,172.19.62.91,,
SOKOTO_ATM2,host,172.19.62.92,,
SOKOTO_ATM3,host,172.19.62.93,,
SOLARWINDS_DPA_SERVER,host,172.19.11.79,,
SOPRA,host,172.19.15.124,,
SPAM,host,104.211.96.15,,
SSH_PUBLIC_ORACLE,host,152.70.164.47,,
SSI_SRV_TST,host,172.19.11.77,,
SSRS_SVRS,host,172.19.11.78,,
STERLING_PIN_POS_TST,host,172.19.11.102,,
STMT_APP_PRD,host,172.19.1.79,,
STREAM_2,host,216.58.201.131,,
SWIFT_AUTOCLIENT,host,10.17.23.21,,
SWIFT_AUTOCLIENT_INT,host,172.16.200.219,,
SW_149.134.170.74,host,149.134.170.74,,
SYSLOGSERVER,host,172.19.11.42,,
SYSTEMSPECS2_LAN,host,10.1.1.82,,
SYSTEMSPECS_FW-External_Systemspecs-92.52.103.209,host,92.52.103.209,,
S_149.134.170.75,host,149.134.170.75,,
ServiceDeskPOC,host,172.19.11.41,,
Shakiru.77,host,172.19.15.77,,
Shelt_Taj_Lan1,host,10.100.10.10,,
SokotoR,host,172.19.62.1,,
SokotoSwi,host,172.19.62.2,,
SolarWind_Server,host,172.19.16.208,,
Stratus_Web1,host,134.111.1.21,,
Stratus_Web2,host,207.138.233.77,,
Stratus_Web3,host,134.111.1.64,,
TAERP_NAT_CBN,host,192.168.110.168,,
TAJ-GBB-CPFW-Mgmt-10.1.17.11,host,10.1.17.11,,
TAJ-GBB-CPFW-eth2-41.78.83.252,host,41.78.83.252,,
TAJ-GBB-CPFW-eth3-172.16.200.1,host,172.16.200.1,,
TAJ-GBB-CPFW-eth4.100-172.19.6.1,host,172.19.6.1,,
TAJ-GBB-CPFW-eth4.105-172.19.3.1,host,172.19.3.1,,
TAJ-GBB-CPFW-eth4.12-10.17.23.17,host,10.17.23.17,,
TAJ-GBB-CPFW-eth4.120-172.19.120.1,host,172.19.120.1,,
TAJ-GBB-CPFW-eth4.170-172.20.11.1,host,172.20.11.1,,
TAJ-GBB-CPFW-eth4.201-10.20.22.1,host,10.20.22.1,,
TAJ-GBB-CPFW-eth4.21-172.19.21.1,host,172.19.21.1,,
TAJ-GBB-CPFW-eth4.2459-172.19.59.1,host,172.19.59.1,,
TAJ-GBB-CPFW-eth4.45-172.19.3.17,host,172.19.3.17,,
TAJ-GBB-CPFW-eth4.50-172.19.100.1,host,172.19.100.1,,
TAJ-GBB-CPFW-eth4.55-172.19.20.1,host,172.19.20.1,,
TAJ-GBB-CPFW-eth4.60-172.19.2.1,host,172.19.2.1,,
TAJ-GBB-CPFW-eth4.65-172.19.18.1,host,172.19.18.1,,
TAJ-GBB-CPFW-eth4.66-172.19.66.1,host,172.19.66.1,,
TAJ-GBB-CPFW-eth4.7-172.19.7.1,host,172.19.7.1,,
TAJ-GBB-CPFW-eth4.70-172.19.1.1,host,172.19.1.1,,
TAJ-GBB-CPFW-eth4.80-172.19.11.1,host,172.19.11.1,,
TAJ-GBB-CPFW-eth4.85-172.19.101.1,host,172.19.101.1,,
TAJ-GBB-CPFW-eth4.90-172.19.19.1,host,172.19.19.1,,
TAJ-GBB-CPFW-eth4.95-172.21.21.1,host,172.21.21.1,,
TAJ0009,host,172.19.15.21,,
TAJ003U,host,172.19.15.211,,
TAJ005,host,172.19.15.114,,
TAJ006J,host,172.19.15.193,,
TAJ007U,host,172.19.15.183,,
TAJ011,host,172.19.37.117,,
TAJ012Ahmed,host,172.19.15.222,,
TAJ013U,host,172.19.15.107,,
TAJ018,host,172.19.15.172,,
TAJ023_15.109,host,172.19.15.109,,
TAJ023_15.110,host,172.19.15.110,,
TAJ027,host,172.19.15.164,,
TAJ033_Hr,host,172.19.61.101,,
TAJ041_15.153,host,172.19.15.153,,
TAJ042_15.130,host,172.19.15.130,,
TAJ044U,host,172.19.15.131,,
TAJ047,host,172.19.37.115,,
TAJ053_15.247,host,172.19.15.247,,
TAJ055_15.101,host,172.19.17.106,,
TAJ061,host,172.19.26.132,,
TAJ067i,host,172.19.15.126,,
TAJ070_Jumoke_Laptop,host,172.19.61.108,,
TAJ072_61.65,host,172.19.15.65,,
TAJ073_15.197,host,172.19.15.197,,
TAJ079C,host,172.19.15.199,,
TAJ083M,host,172.19.15.161,,
TAJ085_15.61,host,172.19.15.61,,
TAJ086Akeem,host,172.19.15.149,,
TAJ087_36.65,host,172.19.36.65,,
TAJ127,host,172.19.15.150,,
TAJ140,host,172.19.17.101,,
TAJ143,host,172.19.15.128,,
TAJ145_61.64,host,172.19.61.64,,
TAJ149_61.61,host,172.19.61.61,,
TAJ153_59.210,host,172.19.59.210,,
TAJ155_17.119,host,172.19.17.116,,
TAJ157,host,172.19.36.69,,
TAJ159_15.88,host,172.19.15.88,,
TAJ173_15.63,host,172.19.15.63,,
TAJ174_15.74,host,172.19.15.74,,
TAJ178n,host,172.19.15.132,,
TAJ184_61.55,host,172.19.61.55,,
TAJ192,host,172.19.64.111,,
TAJ194,host,172.19.64.103,,
TAJ196,host,172.19.15.147,,
TAJ208_15.226,host,172.19.15.228,,
TAJ209,host,172.19.15.113,,
TAJ211ID,host,172.19.64.121,,
TAJ215,host,172.19.15.215,,
TAJ216,host,172.19.15.195,,
TAJ21OS21044,host,172.19.69.104,,
TAJ224,host,172.19.15.22,,
TAJ225_15.163,host,172.19.15.163,,
TAJ226,host,172.19.63.118,,
TAJ242IP,host,172.19.15.171,,
TAJ250,host,172.19.15.198,,
TAJ252,host,172.19.15.138,,
TAJ256,host,172.19.61.128,,
TAJ257,host,172.19.15.218,,
TAJ258,host,172.19.15.141,,
TAJ260,host,172.19.64.104,,
TAJ265,host,172.19.36.102,,
TAJ279,host,172.19.36.66,,
TAJ280U,host,172.19.15.145,,
TAJ281,host,172.19.15.104,,
TAJ282,host,172.19.15.105,,
TAJ284_U,host,172.19.36.67,,
TAJ285U,host,172.19.36.68,,
TAJ287,host,172.19.15.200,,
TAJ303UU,host,172.19.36.78,,
TAJ80,host,172.19.15.189,,
TAJFEPAPP_PRD,host,172.19.12.11,,
TAJFEPDB_PRD,host,172.19.12.12,,
TAJFEPPORTAL_PRD,host,172.19.12.14,,
TAJFINANCE,host,198.38.83.204,,
TAJMALL_70.39.249.88,host,70.39.249.88,,
TAJOFFICEAPP_PRD,host,172.19.12.13,,
TAJOS19003,host,172.19.36.73,,
TAJOS19005,host,172.19.60.77,,
TAJOS19012,host,172.19.26.69,,
TAJOS20020,host,172.19.36.72,,
TAJOS20021,host,172.19.36.74,,
TAJOS20022,host,172.19.15.246,,
TAJOS20023,host,172.19.62.107,,
TAJOS20031,host,172.19.26.118,,
TAJOS21035,host,172.19.64.102,,
TAJOS21043,host,172.19.65.109,,
TAJOS21044,host,172.19.69.106,,
TAJOS21046,host,172.19.68.106,,
TAJOS21055,host,172.19.15.225,,
TAJOS21058,host,172.19.63.130,,
TAJ_3CX_SVR,host,172.19.3.26,,
TAJ_AGENCY_PRD_APP,host,172.19.1.61,,
TAJ_AGENCY_PRD_DB,host,172.19.2.29,,
TAJ_AGENCY_PRD_WEB,host,172.19.3.28,,
TAJ_AGENCY_TST_APP,host,172.19.11.57,,
TAJ_AGENCY_TST_DB,host,172.19.11.61,,
TAJ_AGENCY_TST_WEB,host,172.19.11.60,,
TAJ_APP_SVR1,host,172.16.200.201,,
TAJ_APP_SVR2,host,172.16.200.202,,
TAJ_APP_SVR3,host,172.16.200.203,,
TAJ_APP_SVR4,host,172.16.200.207,,
TAJ_CARP_APP_PRD,host,172.19.1.65,,
TAJ_CBNFAILOVER_GW-External-196.216.201.21,host,196.216.201.21,,
TAJ_CBNFAILOVER_GW-Internal_1-172.16.17.0,host,172.16.17.0,,
TAJ_CBNFAILOVER_GW-Internal_2-172.16.16.0,host,172.16.16.0,,
TAJ_CBN_ADRAPS,host,172.19.15.27,,
TAJ_CBN_ADRAPS_FO,host,172.16.17.246,,
TAJ_CBN_CCMS_FO,host,172.16.17.251,,
TAJ_CBN_FINA,host,172.19.15.24,,
TAJ_CBN_FINA_FO,host,172.16.16.20,,
TAJ_CBN_S4,host,172.19.15.23,,
TAJ_CBN_TAERP,host,172.19.15.28,,
TAJ_CHATBOT_APP_SVR,host,172.16.200.181,,
TAJ_CM_APP,host,172.16.200.167,,
TAJ_CM_DB,host,172.16.200.168,,
TAJ_CM_WEB,host,172.16.200.169,,
TAJ_CRM_SVR,host,172.19.3.24,,
TAJ_DB_SVR1,host,172.16.200.204,,
TAJ_FCLT_PRD_SVR,host,172.21.21.6,,
TAJ_FCLT_TST_SVR,host,172.16.200.164,,
TAJ_GSI_ICAD_APP_PRD,host,172.19.1.64,,
TAJ_HQ_ASW2,host,172.19.67.3,,
TAJ_HQ_ASW3,host,172.19.67.4,,
TAJ_HQ_ASW4,host,172.19.67.5,,
TAJ_HQ_ASW5,host,172.19.67.6,,
TAJ_MOBILE_PRD_APP,host,172.19.1.13,,
TAJ_MOBILE_PRD_DB,host,172.19.2.13,,
TAJ_MOBILE_PRD_WEB,host,172.19.3.20,,
TAJ_MOBILE_TEST_APP,host,172.16.200.174,,
TAJ_MOBILE_TEST_APP1,host,172.19.11.35,,
TAJ_MOBILE_TEST_DB,host,172.16.200.176,,
TAJ_MOBILE_TEST_DB1,host,172.19.11.36,,
TAJ_MOBILE_TEST_WEB,host,172.19.11.40,,
TAJ_NAPS_APP_SRV_PRD,host,172.19.1.97,,
TAJ_NIP_SVR,host,172.21.21.2,,
TAJ_NIP_TESTDB_SVR,host,172.16.200.153,,
TAJ_NIP_TEST_SVR,host,172.19.11.59,,
TAJ_NIP_TEST_SVR1,host,172.16.200.155,,
TAJ_OPS_VPN,host,172.16.200.230,,
TAJ_PROXY,host,172.19.7.3,,
TAJ_SVR1,host,172.16.200.182,,
TAJ_SVR2,host,172.16.200.184,,
TAJ_SVR3,host,172.16.200.186,,
TAJ_USSD_PRD__APP,host,172.19.1.25,,
TAJ_USSD_PRD_DB,host,172.19.2.19,,
TAJ_USSD_TEST__APP,host,172.16.200.188,,
TANADI_API,host,172.19.3.27,,
TANADI_FW-External-134.213.99.13,host,134.213.99.13,,
TANADI_FW-Internal-172.24.16.100,host,172.24.16.100,,
TANADI_LAN,host,172.24.16.100,,
TANADI_LAN2,host,203.100.67.242,,
TANADI_LAN3,host,162.13.98.220,,
TCP_172.16.200.218,host,172.16.200.218,,
TEAMAPT_FW1-Teamapt_Ext-41.67.140.74,host,41.67.140.74,,
TEAMAPT_FW1-Teamapt_Int-172.29.251.0,host,172.29.251.0,,
TEAMAPT_SVR1,host,172.29.251.12,,
TEAMAPT_SVR2,host,172.29.251.13,,
TEA_52.97.146.178,host,52.97.146.178,,
TEMITOPE_HBC,host,172.19.15.182,,
TEMP2,host,172.19.37.200,,
TEMP_JOHNSON_151,host,172.19.15.207,,
TEMP_SOKOTO,host,172.19.62.117,,
TEPMKD,host,172.19.64.250,,
TESLEEM_RMD,host,172.19.15.196,,
TEST,host,172.19.15.32,,
TEST3CXX,host,172.19.11.125,,
TESTISE,host,172.19.15.226,,
TESTISE2,host,172.19.15.116,,
TESTJABI,host,172.19.61.228,,
TESTSCCMCLIENT,host,172.19.17.180,,
TEST_216.58.223.206,host,216.58.223.206,,
TEST_ATM,host,172.19.15.91,,
TEST_FEP_DB,host,172.19.12.21,,
TEST_FEP_OFFICE_DB,host,172.19.12.26,,
TEST_FEP_PORTAL,host,172.19.12.15,,
TEST_IP,host,172.19.15.174,,
TEST_KD2,host,172.19.73.4,,
TEST_POS_ABJ,host,172.19.15.96,,
TEST_PUB,host,172.19.21.1,,
TEST_RAC_SCAN1,host,172.19.11.86,,
TEST_RAC_SCAN2,host,172.19.11.122,,
TEST_RAC_VIP1,host,172.19.11.91,,
TEST_RAC_VIP2,host,172.19.11.92,,
TEST_SSL_SVR,host,172.16.200.190,,
TJ-DC-SRV-BIRPT,host,172.19.2.67,,
TJ-DC-SRV-CBARPT,host,172.19.1.105,,
TJ-DC-SRV-CIBAPP,host,172.19.1.100,,
TJ-DC-SRV-CIBDB,host,172.19.2.60,,
TJ-DC-SRV-CIBWB,host,172.19.3.30,,
TJ-DC-SRV-DBKUP,host,172.19.2.61,,
TJ-DC-SRV-DEVAPP4,host,172.19.1.103,,
TJ-DC-SRV-EMAILAPP,host,172.19.1.109,,
TJ-DC-SRV-EMAILDB,host,172.19.2.70,,
TJ-DC-SRV-FTP,host,172.19.11.99,,
TJ-DC-SRV-MISAPPTST,host,172.19.11.66,,
TJ-DC-SRV-NAPS3,host,172.19.2.59,,
TJ-DC-SRV-SMSALT,host,172.19.1.107,,
TJ-DC-SRV-SPAPP,host,172.19.1.106,,
TJ-DC-SRV-SPDB,host,172.19.2.68,,
TJ-DC-SRV-SSIS,host,172.19.2.64,,
TJ-DC-SRV-STMTDB,host,172.19.2.65,,
TJ-DC-SRV-TSLMDB,host,172.19.11.124,,
TJ-DC-SRV-TSLMDB1,host,172.19.2.62,,
TJ-DC-TSTAP1,host,172.16.200.156,,
TJ-TST-SRV-ATMBACKUP,host,172.19.11.75,,
TJ-TST-SRV-DAPP,host,172.16.200.146,,
TJ-TST-SRV-IBSDB1,host,172.19.11.94,,
TJ-TST-SRV-MISDB,host,172.19.11.76,,
TJ_CARD_DB_TST,host,172.16.200.223,,
TJ_Ref_172.16.200.189,host,172.16.200.189,,
TMSDD,host,172.19.2.55,,
TMSLive_Server,host,172.19.1.95,,
TM_APEX-CENTRAL,host,172.16.200.195,,
TOKEN_MGT_APP,host,172.19.1.55,,
TOKEN_MGT_WEB,host,172.19.3.29,,
TREND_ENCRYTN_APP,host,172.19.1.53,,
TST-KIMONO_APP,host,172.19.11.65,,
TST_CONTACT_C_CRM,host,172.19.11.115,,
TST_SVR,host,172.16.200.149,,
TUNJI_TST,host,172.19.15.42,,
Tag_SW1,host,172.19.16.2,,
Taj0012,host,172.19.15.146,,
Taj0065,host,172.19.15.142,,
Taj0097,host,172.19.15.191,,
Taj014_15.206,host,172.19.15.206,,
Taj021_59.65,host,172.19.59.65,,
Taj026_15.190,host,172.19.15.190,,
Taj047_15.81,host,172.19.15.81,,
Taj050_172.19.15.73,host,172.19.15.73,,
Taj056,host,172.19.61.111,,
Taj068_15.4,host,172.19.15.4,,
Taj069_61.113,host,172.19.61.113,,
Taj069_61.200,host,172.19.61.200,,
Taj073_15.194,host,172.19.15.194,,
Taj077_15.231,host,172.19.15.231,,
Taj082_15.129,host,172.19.37.52,,
Taj084_15.213,host,172.19.15.216,,
Taj085_15.139,host,172.19.15.139,,
Taj086,host,172.19.15.208,,
Taj09,host,172.19.36.61,,
Taj106_59.111,host,172.19.59.111,,
Taj123,host,172.19.15.151,,
Taj128_17.140,host,172.19.15.166,,
Taj131_15.240,host,172.19.15.240,,
Taj132_15.127,host,172.19.15.127,,
Taj148_37.62,host,172.19.36.62,,
Taj164_63.104,host,172.19.63.104,,
Taj172_36.63,host,172.19.36.63,,
Taj179_15.160,host,172.19.37.51,,
Taj199_26.123,host,172.19.26.136,,
Taj234,host,172.19.15.224,,
Taj267,host,172.19.15.202,,
Taj271_INFOSEC,host,172.19.37.53,,
TajOS20029_63.149,host,172.19.63.149,,
Taj_181,host,172.19.36.64,,
Taj_Shelt_Lan1,host,172.19.1.101,,
Taj_Shelt_Lan2,host,172.19.1.102,,
Tajbank,host,23.97.255.11,,
TesTRonade,host,172.19.2.66,,
TestRac3,host,172.19.11.114,,
Test_ManageEngine,host,172.19.11.70,,
Test_Mobile_Sokoto,host,172.19.61.115,,
Thomsonreuters,host,167.68.44.27,,
Thomsonreuters1,host,167.68.44.7,,
Treasury_172.19.15.16,host,172.19.15.16,,
Treasury_172.19.15.17,host,172.19.15.17,,
Treasury_172.19.15.18,host,172.19.15.18,,
Trend1,host,23.212.232.161,,
Trend2,host,92.122.119.189,,
Trend3,host,92.122.252.40,,
Trend_Micro,host,216.104.20.24,,
UPSL_IPNX_ROUTER,host,10.17.23.34,,
UPSL_PRD_SVR,host,172.19.4.100,,
UPSL_UAT_SVR,host,172.19.8.200,,
USER10_CONTACT_CENTER,host,172.19.59.215,,
USER1_CONTACT_CENTER,host,172.19.59.63,,
USER2_CONTACT_CENTER,host,172.19.59.51,,
USER3_CONTACT_CENTER,host,172.19.59.64,,
USER4_CONTACT_CENTER,host,172.19.59.99,,
USER5_CONTACT_CENTER,host,172.19.59.53,,
USER6_CONTACT_CENTER,host,172.19.59.61,,
USER7_CONTACT_CENTER,host,172.19.59.62,,
USERS_NIBSS,host,172.21.21.5,,
USER_UPSL,host,172.20.11.30,,
USER_UPSL_PRD,host,172.20.11.50,,
USSDAPP,host,172.19.11.110,,
USSDAPP1,host,172.19.11.112,,
Unknown,host,82.221.130.120,,
VANSO_MAPP_NEW_PRD,host,194.48.171.245,,
VANSO_MAPP_NEW_TEST,host,194.48.171.247,,
VANSO_MAPP_PRD,host,84.200.29.230,,
VANSO_MAPP_TEST,host,84.200.29.232,,
VDT_Tunnel_NIBBS,host,192.168.168.170,,
VDT_WUSE_,host,172.27.213.158,,
VOTERS,host,142.93.198.99,,
VPN_RSVR,host,172.16.200.206,,
WASIU_DOMOPS,host,172.19.15.64,,
WHATSAPP_BNK_SRV,host,172.19.11.126,,
WUSE_CC_ATM,host,172.19.65.91,,
Wuse_Router,host,172.19.65.1,,
XLARITY,host,172.19.120.14,,
YUSRA_RMD,host,172.19.15.115,,
YinkaLiaison,host,172.19.63.105,,
_172.16.200.147,host,172.16.200.147,,
_172.16.200.209,host,172.16.200.209,,
_172.19.100.11,host,172.19.100.11,,
_172.19.100.14,host,172.19.100.14,,
_172.19.100.16,host,172.19.100.16,,
_172.19.11.103,host,172.19.11.103,,
_172.19.11.104,host,172.19.11.104,,
_172.19.11.105,host,172.19.11.105,,
_172.19.11.106,host,172.19.11.106,,
_172.19.11.108,host,172.19.11.108,,
_172.19.11.200,host,172.19.11.200,,
_172.19.11.22,host,172.19.11.22,,
_172.19.11.33,host,172.19.11.33,,
_172.19.11.46,host,172.19.11.46,,
_172.19.11.62,host,172.19.11.62,,
_172.19.11.93,host,172.19.11.93,,
_172.19.15.102,host,172.19.15.102,,
_172.19.15.103,host,172.19.15.103,,
_172.19.15.230,host,172.19.15.230,,
_172.19.15.93,host,172.19.15.93,,
_172.19.15.95,host,172.19.15.95,,
_172.19.2.56,host,172.19.2.56,,
_172.19.20.43,host,172.19.20.43,,
_172.19.20.44,host,172.19.20.44,,
_172.19.26.91,host,172.19.26.91,,
_172.19.26.92,host,172.19.26.92,,
_172.19.26.93,host,172.19.26.93,,
_172.19.60.91,host,172.19.60.91,,
_172.19.61.117,host,172.19.61.117,,
_172.19.64.91,host,172.19.64.91,,
_172.19.64.92,host,172.19.64.92,,
_172.19.64.93,host,172.19.64.93,,
_172.19.66.3,host,172.19.66.3,,
_172.19.7.4,host,172.19.7.4,,
_172.19.7.5,host,172.19.7.5,,
_172.19.70.101,host,172.19.70.101,,
_172.19.70.102,host,172.19.70.102,,
_172.19.70.103,host,172.19.70.103,,
_172.19.70.91,host,172.19.70.91,,
_172.19.70.92,host,172.19.70.92,,
_172.19.71.91,host,172.19.71.91,,
_172.19.71.92,host,172.19.71.92,,
_172.217.195.100,host,172.217.195.100,,
_172.217.195.101,host,172.217.195.101,,
_172.217.195.102,host,172.217.195.102,,
_172.217.195.113,host,172.217.195.113,,
_172.217.195.138,host,172.217.195.138,,
_172.217.195.139,host,172.217.195.139,,
_172.217.6.78,host,172.217.6.78,,
_172.25.15.213,host,172.25.15.213,,
_172.25.15.214,host,172.25.15.214,,
_172.29.100.12,host,172.29.100.12,,
_172.29.120.11,host,172.29.120.11,,
_172.29.120.12,host,172.29.120.12,,
_172.29.120.13,host,172.29.120.13,,
_172.29.120.14,host,172.29.120.14,,
_188.121.36.239,host,188.121.36.239,,
_19.1.45,host,172.19.1.45,,
_49.88.112.115,host,49.88.112.115,,
_90.115.201.35,host,90.115.201.35,,
_90.115.201.36,host,90.115.201.36,,
eFraud_23.202.231.167,host,23.202.231.167,,
eFraud_23.217.138.108,host,23.217.138.108,,
extaudit1,host,172.19.15.12,,
extaudit3,host,172.19.15.14,,
host,host,10.0.140.13,,
iTracksafeIP,host,58.64.200.195,,
interswitch,host,172.25.20.18,,
ipnxtest,host,10.64.7.102,,
olajumoke_HCM,host,172.19.61.102,,
serverswi,host,172.16.200.248,,
taj182,host,172.19.15.117,,
tajos20030_36.76,host,172.19.36.76,,
test123,host,172.19.15.157,,
test3CX,host,172.19.3.31,,
TJ-TST-SRV-KIMONO,host,172.19.11.67,,
GBB_Network,subnet,172.16.200.0 255.255.255.0,,
HQ_Office,subnet,172.19.15.0 255.255.255.0,,
Project_Office,subnet,192.168.1.0 255.255.255.0,,
TAJ_Network,subnet,172.0.0.0 255.0.0.0,,
13.107.128.0,subnet,13.107.128.0 255.255.252.0,,
13.107.18.10,subnet,13.107.18.10 255.255.255.254,,
13.107.6.152,subnet,13.107.6.152 255.255.255.254,,
132.245.0.0,subnet,132.245.0.0 255.255.0.0,,
150.171.32.0,subnet,150.171.32.0 255.255.252.0,,
Bloomberg_16,subnet,206.156.53.0 255.255.255.0,,
191.234.140.0,subnet,191.234.140.0 255.255.252.0,,
23.103.160.0,subnet,23.103.160.0 255.255.240.0,,
40.104.0.0,subnet,40.104.0.0 255.254.0.0,,
40.96.0.0,subnet,40.96.0.0 255.248.0.0,,
52.96.0.0,subnet,52.96.0.0 255.252.0.0,,
Bloomberg_17,subnet,208.22.56.0 255.255.255.0,,
Bloomberg_18,subnet,208.22.57.0 255.255.255.0,,
Bloomberg_19,subnet,208.134.161.0 255.255.255.0,,
AARANO_ABJ_CC,subnet,172.19.72.0 255.255.255.0,,
Bloomberg_2,subnet,69.187.32.0 255.255.224.0,,
Bloomberg_20,subnet,205.183.246.0 255.255.255.0,,
Bloomberg_21,subnet,199.105.176.0 255.255.248.0,,
Bloomberg_22,subnet,199.105.184.0 255.255.254.0,,
Bloomberg_23,subnet,69.184.0.0 255.255.0.0,,
ADVANSIO_NET,subnet,172.31.32.0 255.255.240.0,,
Bloomberg_24,subnet,2.23.0.0 255.255.0.0,,
Bloomberg_26,subnet,23.211.0.0 255.255.0.0,,
HQ_Branch,subnet,172.19.17.0 255.255.255.0,,
HQ_LAN_Mng,subnet,172.19.67.0 255.255.255.0,,
Net_10.101.0.0,subnet,10.101.0.0 255.255.255.248,,
Net_10.17.23.0,subnet,10.17.23.0 255.255.255.248,,
Net_10.17.23.16,subnet,10.17.23.16 255.255.255.248,,
Net_10.17.23.32,subnet,10.17.23.32 255.255.255.248,,
Net_10.17.23.8,subnet,10.17.23.8 255.255.255.248,,
Net_10.20.21.0,subnet,10.20.21.0 255.255.255.240,,
Net_10.20.21.16,subnet,10.20.21.16 255.255.255.240,,
Net_10.20.22.0,subnet,10.20.22.0 255.255.255.252,,
Net_10.50.17.32,subnet,10.50.17.32 255.255.255.240,,
Net_10.60.0.0,subnet,10.60.0.0 255.255.255.252,,
Net_10.60.0.12,subnet,10.60.0.12 255.255.255.252,,
Net_10.60.0.16,subnet,10.60.0.16 255.255.255.252,,
Net_10.60.0.20,subnet,10.60.0.20 255.255.255.252,,
Net_10.60.0.32,subnet,10.60.0.32 255.255.255.252,,
Net_10.60.0.36,subnet,10.60.0.36 255.255.255.252,,
Net_10.60.0.4,subnet,10.60.0.4 255.255.255.252,,
Net_10.60.0.40,subnet,10.60.0.40 255.255.255.252,,
Net_10.60.0.48,subnet,10.60.0.48 255.255.255.252,,
Net_10.60.0.52,subnet,10.60.0.52 255.255.255.252,,
Net_10.60.0.76,subnet,10.60.0.76 255.255.255.252,,
Net_10.60.0.8,subnet,10.60.0.8 255.255.255.252,,
BRH_TUNNEL_GRP,subnet,10.60.0.0 255.255.255.0,,
Net_10.60.0.80,subnet,10.60.0.80 255.255.255.252,,
Net_10.60.0.84,subnet,10.60.0.84 255.255.255.252,,
Bloomberg_1,subnet,69.187.16.0 255.255.240.0,,
Bloomberg_10,subnet,69.191.250.0 255.255.255.192,,
Bloomberg_11,subnet,160.43.250.0 255.255.255.0,,
Bloomberg_12,subnet,160.43.251.0 255.255.255.0,,
Bloomberg_13,subnet,160.43.252.0 255.255.255.0,,
Bloomberg_14,subnet,160.43.253.0 255.255.255.0,,
Bloomberg_15,subnet,205.216.112.0 255.255.255.0,,
Bloomberg_4,subnet,69.187.25.0 255.255.255.192,,
Bloomberg_5,subnet,69.191.176.0 255.255.248.0,,
Bloomberg_6,subnet,69.191.176.128 255.255.255.224,,
Bloomberg_7,subnet,69.191.178.128 255.255.255.224,,
Bloomberg_8,subnet,69.191.192.0 255.255.192.0,,
Bloomberg_9,subnet,69.191.244.0 255.255.255.128,,
Net_10.60.0.88,subnet,10.60.0.88 255.255.255.252,,
Net_10.60.0.92,subnet,10.60.0.92 255.255.255.252,,
CAPTCHA_NET1,subnet,216.58.211.0 255.255.255.0,,
CBD_PRD1,subnet,172.16.7.0 255.255.255.0,,
CBD_PRD2,subnet,172.16.6.0 255.255.255.0,,
CBN_DR1,subnet,172.16.26.0 255.255.255.0,,
CBN_DR2,subnet,172.16.27.0 255.255.255.0,,
CBN_FO_LAN,subnet,172.16.16.0 255.255.255.0,,
CBN_FO_LAN2,subnet,172.16.17.0 255.255.255.0,,
Net_172.16.0.20,subnet,172.16.0.20 255.255.255.252,,
Net_172.16.16.0,subnet,172.16.16.0 255.255.255.0,,
Net_172.16.17.0,subnet,172.16.17.0 255.255.255.0,,
Net_172.16.26.0,subnet,172.16.26.0 255.255.255.0,,
Net_172.16.27.0,subnet,172.16.27.0 255.255.255.0,,
Net_172.16.6.0,subnet,172.16.6.0 255.255.255.0,,
Net_172.18.5.0,subnet,172.18.5.0 255.255.255.0,,
Net_172.19.15.0,subnet,172.19.12.0 255.255.252.0,,
Net_172.19.15.0-0,subnet,172.19.15.0 255.255.255.0,,
Net_172.19.17.0,subnet,172.19.17.0 255.255.255.0,,
CONTACT_CENTER,subnet,172.19.59.0 255.255.255.0,,
Net_172.19.21.0,subnet,172.19.21.0 255.255.255.0,,
Net_172.19.27.0,subnet,172.19.27.0 255.255.255.0,,
CPFWMGMT,subnet,15.15.15.0 255.255.255.0,,
Net_172.19.36.0,subnet,172.19.36.0 255.255.255.0,,
CP_default_Office_Mode_addresses_pool,subnet,172.16.10.0 255.255.255.0,,
Net_172.19.37.0,subnet,172.19.37.0 255.255.255.0,,
Net_172.19.60.0,subnet,172.19.60.0 255.255.255.0,,
Net_172.19.61.0,subnet,172.19.61.0 255.255.255.0,,
Core_DB,subnet,172.19.20.0 255.255.255.0,,
DAG_range,subnet,0.0.0.1 0.0.254.254,,
Net_172.19.62.0,subnet,172.19.62.0 255.255.255.0,,
Net_172.19.63.0,subnet,172.19.63.0 255.255.255.0,,
Net_172.19.64.0,subnet,172.19.64.0 255.255.255.0,,
Net_172.19.65.0,subnet,172.19.65.0 255.255.255.0,,
Net_172.19.67.0,subnet,172.19.67.0 255.255.255.0,,
Net_172.19.68.0,subnet,172.19.68.0 255.255.255.0,,
Net_172.19.69.0,subnet,172.19.69.0 255.255.255.0,,
Net_172.19.70.0,subnet,172.19.70.0 255.255.255.0,,
DR_XXX,subnet,172.0.64.0 255.255.255.0,,
Net_172.19.71.0,subnet,172.19.71.0 255.255.255.0,,
Net_172.19.72.0,subnet,172.19.72.0 255.255.255.0,,
Net_172.19.73.0,subnet,172.19.73.0 255.255.255.0,,
EXEMPT_NIBSS_NAT_USERS,subnet,172.19.15.13 172.19.15.16,,
FEP_LAN,subnet,172.19.12.0 255.255.255.0,,
FW151TEST,subnet,192.168.151.0 255.255.255.0,,
FWR,subnet,15.15.15.0 255.255.255.252,,
GBB-L1,subnet,172.19.6.0 255.255.255.0,,
GBB-L10,subnet,172.19.2.0 255.255.255.0,,
GBB-L11,subnet,172.19.18.0 255.255.255.0,,
GBB-L2,subnet,172.19.3.0 255.255.255.240,,
GBB-L3,subnet,172.19.120.0 255.255.255.0,,
GBB-L4,subnet,172.29.100.0 255.255.255.0,,
GBB-L5,subnet,172.29.120.0 255.255.255.0,,
GBB-L6,subnet,172.19.3.16 255.255.255.240,,
GBB-L7,subnet,172.19.100.0 255.255.255.0,,
GBB-L8,subnet,172.19.19.0 255.255.255.0,,
GBB-L9,subnet,172.19.1.0 255.255.255.0,,
Net_172.29.100.0,subnet,172.29.100.0 255.255.255.0,,
Net_172.29.120.0,subnet,172.29.120.0 255.255.255.0,,
Net_192.168.0.0,subnet,192.168.0.0 255.255.255.0,,
Net_192.168.0.0-0,subnet,192.168.0.0 255.255.255.0,,
Net_192.168.1.0,subnet,192.168.1.0 255.255.255.0,,
GOMBE,subnet,172.19.71.101 172.19.71.120,,
GOMBE_BRH,subnet,172.19.71.0 255.255.255.0,,
GOOGLE_NTP,subnet,216.239.35.0 255.255.255.0,,
Garki_CC,subnet,172.19.68.0 255.255.255.0,,
Gudu_CC,subnet,172.19.69.0 255.255.255.0,,
Net_192.168.1.0-0,subnet,192.168.1.0 255.255.255.0,,
Net_192.168.1.0-1,subnet,192.168.1.0 255.255.255.0,,
Net_192.168.110.160,subnet,192.168.110.160 255.255.255.224,,
Net_192.168.150.0,subnet,192.168.150.0 255.255.255.0,,
Net_192.168.151.0,subnet,192.168.151.0 255.255.255.0,,
Net_192.234.10.0,subnet,192.234.10.0 255.255.255.0,,
Net_196.216.200.0,subnet,196.216.200.0 255.255.255.0,,
HQ_ATMS,subnet,172.19.15.90 172.19.15.100,,
HQ_Annex1,subnet,172.19.36.0 255.255.255.0,,
HQ_Annex2,subnet,172.19.37.0 255.255.255.0,,
HQ_Management,subnet,172.19.16.0 255.255.255.0,,
Net_197.159.69.192,subnet,197.159.69.192 255.255.255.252,,
Net_197.159.69.192-0,subnet,197.159.69.192 255.255.255.192,,
Hq-branch-High-range,subnet,172.19.9.101 172.19.9.255,,
Hq-branch-Low-range,subnet,172.19.9.0 172.19.9.100,,
Net_41.78.83.200,subnet,41.78.83.200 255.255.255.252,,
Net_41.78.83.248,subnet,41.78.83.248 255.255.255.248,,
INTSWT_LAN_R,subnet,10.17.23.0 255.255.255.248,,
Jabi_Office,subnet,172.19.61.0 255.255.255.0,,
KADUNA_BRH,subnet,172.19.64.0 255.255.255.0,,
KANO_ATMS,subnet,172.19.26.90 172.19.26.100,,
Kaduna2,subnet,172.19.73.0 255.255.255.0,,
Kano_172.19.26.0,subnet,172.19.26.0 255.255.255.0,,
Kano_Test,subnet,172.19.27.0 255.255.255.0,,
Kn_Office,subnet,172.19.26.0 255.255.255.0,,
Lagos_Liaison,subnet,172.19.63.0 255.255.255.0,,
LocalMachine_Loopback,subnet,127.0.0.1 127.255.255.255,,
MAIDUGURI_BRH,subnet,172.19.70.0 255.255.255.0,,
MDIX,subnet,10.101.0.0 255.255.255.248,,
MDIX2,subnet,10.100.0.0 255.255.255.0,,
NASS_ATMS,subnet,172.19.60.91 172.19.60.102,,
NASS_OFFICE,subnet,172.19.60.0 255.255.255.0,,
Net_10.0.140.8,subnet,10.0.140.8 255.255.255.248,,
Net_10.0.140.8-0,subnet,10.0.140.8 255.255.255.248,,
Net_10.0.140.8-1,subnet,10.0.140.8 255.255.255.248,,
Net_10.0.140.8-2,subnet,10.0.140.8 255.255.255.248,,
Net_10.0.140.8-3,subnet,10.0.140.8 255.255.255.248,,
Net_10.0.140.8-4,subnet,10.0.140.8 255.255.255.248,,
Net_10.0.140.8-5,subnet,10.0.140.8 255.255.255.248,,
Net_10.0.140.8-6,subnet,10.0.140.8 255.255.255.248,,
Net_10.1.17.0,subnet,10.1.17.0 255.255.255.192,,
Net_10.10.100.0,subnet,10.10.100.0 255.255.255.240,,
Net_10.100.0.0,subnet,10.100.0.0 255.255.255.0,,
Prefix10,subnet,10.17.0.0 255.255.0.0,,
Prefix16,subnet,172.16.0.0 255.255.0.0,,
Prefix19,subnet,172.19.0.0 255.255.0.0,,
RA_Users,subnet,172.16.10.1 172.16.10.50,,
SHELTDR_LAN_RANGE,subnet,10.10.100.1 10.10.100.10,,
SWIFT_EXTERNAL,subnet,149.134.0.0 255.255.0.0,,
SWIFT_NET,subnet,10.17.23.16 255.255.255.248,,
Sokoto_Branch_1,subnet,172.19.62.0 255.255.255.0,,
TAJ_CBN_LAN,subnet,192.168.110.160 255.255.255.224,,
TEAMAPT_LAN,subnet,172.29.251.0 255.255.255.0,,
TEST_NTWK,subnet,172.19.11.0 255.255.255.0,,
Wuse_CC,subnet,172.19.65.0 255.255.255.0,,
fwtest,subnet,192.168.150.0 255.255.255.0,,
hq-high-range,subnet,172.19.15.101 172.19.15.255,,
hq-low-range,subnet,172.19.15.0 172.19.15.89,,
